id;first_name;last_name;email;phone_number
1;Marcelle;Monahan;Carter_Beatty@gmail.com;absent recede serialise
2;Theodora;Huel;Jay30@hotmail.com;ah past concrete
3;Lauren;Bailey;Santiago.Wolf@hotmail.com;energetically eminent locker
4;Hertha;Conroy;Germaine94@yahoo.com;transfuse lotion
5;Curt;Leuschke;Meagan51@hotmail.com;amidst muddy
6;Keyon;Cartwright;Alanna.Ebert64@yahoo.com;up
7;Hudson;Hettinger;Napoleon.Lindgren@yahoo.com;inside
8;Kylie;Rath;Marshall.Kerluke6@gmail.com;boiling curb
9;Mathias;Lebsack;Ludie.Keeling2@gmail.com;likewise upward plus
10;Ewell;Legros;Triston_Kunde@hotmail.com;speedy astride till
